Favorecido,ValorPagoPositivo,RegistrosPositivos,ParticipacaoPct,ParticipacaoAcumuladaPct
FUNDO FINANCEIRO,2929198002.91,9718,12.85014773895713,12.85014773895713
SECRETARIA DE ESTADO DA EDUCAÇÃO,1271094724.33,3628,5.576186717873896,18.426334456831025
FUNDO DE PROTEÇÃO SOCIAL DOS MILITARES,1229545358.55,2391,5.393913109806927,23.820247566637953
BANDES- BANCO DE DESENVOLVIMENTO DO ESP.SANTO,1169522713.4,327,5.130598763322239,28.950846329960193
POLÍCIA MILITAR DO ESTADO DO ESPÍRITO SANTO,1064313230.38,2828,4.669053521586035,33.61989985154623
TRIBUNAL DE JUSTIÇA DO ESTADO DO ESPÍRITO SANTO,942111830.18,3983,4.1329661540139515,37.75286600556018
FUNDO ESTADUAL DE SAÚDE,558304179.02,2905,2.4492339461370993,40.20209995169728
BANCO DO BRASIL S/A,382110447.08,183,1.6762867148956695,41.878386666592945
BANCO NACIONAL DE DES. ECONOMICO E SOCIAL,381846963.33,79,1.6751308336234065,43.55351750021635
MINISTÉRIO PÚBLICO DO ESTADO DO ESPÍRITO SANTO,331789016.43,1523,1.4555307886504019,45.00904828886675
SECRETARIA DA RECEITA FEDERAL DO BRASIL,331195156.33,349,1.4529255738394908,46.461973862706245
POLÍCIA CIVIL DO ESTADO DO ESPÍRITO SANTO,327662295.09,1073,1.4374272057434676,47.89940106844971
SECRETARIA DE ESTADO DA JUSTIÇA,321008530.81,1914,1.4082376958731024,49.30763876432282
INSTITUTO NACIONAL DE SEGURIDADE SOCIAL,301286802.1,3218,1.3217201141529982,50.62935887847581
FUNDO PREVIDENCIÁRIO,285216998.45,3855,1.2512232235934024,51.88058210206921
ASSOCIAÇÃO EVANG. BENEF. ESPIRITO SANTENSE - AEBES,279745098.06,58,1.227218452200515,53.10780055426973
HOSPITAL INFANTIL FRANCISCO DE ASSIS,207286563.23,136,0.9093488931646045,54.017149447434335
FUNDACAO ESTADUAL DE INOVACAO EM SAUDE - INOVA CAPIXABA,203886124.47,33,0.8944314514621773,54.91158089889651
ASSOCIACAO EVANGELICA BENEFICENTE E.SANTENSE,197660015.46,129,0.867118029652566,55.778698928549076
"INSTITUTO ACQUA - AÇÃO, CIDADANIA, QUALIDADE URBANA E AMBIENTAL",181870445.18,54,0.7978504995535155,56.576549428102595
CONSORCIO SUDOESTE,179281703.21,44,0.786493904082847,57.36304333218544
HECI HOSP EVANGELICO DE CACHOEIRO DE ITAPEMIRIM,170626746.69,85,0.7485253304849675,58.11156866267041
CONTEK ENGENHARIA S/A,167217231.4,199,0.733568070801188,58.8451367334716
A MADEIRA INDUSTRIA E COMERCIO LTDA,166974672.74,233,0.7325039861564262,59.57764071962802
CAIXA ECONÔMICA FEDERAL - CEF MATRIZ (utilizar inclusive para pgto de consignações),155761607.33,289,0.6833132018591733,60.26095392148719
SECRETARIA DE ESTADO DA FAZENDA,153659912.02,2386,0.6740932395319618,60.935047161019156
ASSEMBLEIA LEGISLATIVA DO ESTADO DO ESPÍRITO SANTO,143911064.65,1528,0.6313258578580051,61.56637301887716
TRIBUNAL DE CONTAS DO ESTADO DO ESPÍRITO SANTO,137372122.31,913,0.6026400622777656,62.16901308115492
CORPO DE BOMBEIROS MILITAR DO ESTADO DO ESPÍRIDO SANTO,136358702.46,1113,0.5981942737782668,62.76720735493319
AEBES - GERENCIADORA DO HEUE,133801709.77,48,0.586976959755353,63.354184314688545
INSTITUTO DE ATENDIMENTO SOCIOEDUCATIVO DO ESPÍRITO SANTO,128683034.34,1120,0.5645217568506927,63.91870607153924
CONSORCIO ATLÂNTICO SUL,126747649.87,35,0.5560313863306814,64.47473745786992
SANTA CASA DE MISERICORDIA DE VITORIA,123983637.69,65,0.5439058950426251,65.01864335291255
FUNDAÇÃO ESTADUAL DE INOVAÇÃO EM SAÚDE - INOVA CAPIXABA,118814519.85,44,0.5212294054853844,65.53987275839793
FUND EST INOVACAO EM SAUDE - INOVA - HDDS,115821881.97,37,0.5081009522879577,66.0479737106859
COMPANHIA ESPIRITO SANTENSE DE SANEAMENTO CESAN,98653199.39,2936,0.4327833713606577,66.48075708204655
SANTA CASA DE MISERICORDIA DE CACHOEIRO DE IT,94727337.94,79,0.4155609440665454,66.8963180261131
DEPARTAMENTO DE EDIFICAÇÕES E DE RODOVIAS DO ESTADO DO ESPÍRITO SANTO,87325218.9,931,0.3830884641758543,67.27940649028895
CONSTRUTORA APIA LTDA,86731001.32000001,50,0.38048168112994896,67.6598881714189
FUNDACAO BENEFICIENTE RIO DOCE,81578828.05,67,0.3578795259904078,68.01776769740931
RODOCON CONSTRUÇÕES RODOVIÁRIAS LTDA,79854770.75,632,0.35031623016901975,68.36808392757833
MGS ? MINAS GERAIS ADMINISTRAÇÃO E SERVIÇOS S.A.,75948839.47,2903,0.3331812348712109,68.70126516244953
DEFENSORIA PÚBLICA DO ESTADO DO ESPÍRITO SANTO,74904903.0,515,0.32860157250073996,69.02986673495028
CONSORCIO COMPLEXO DE SAUDE NORTE,72592645.46,28,0.3184578912029924,69.34832462615327
FMS DE COLATINA,71262638.19,27,0.31262326005262014,69.66094788620589
PREFEITURA MUNICIPAL DE SERRA,68191317.99,255,0.29914963406884054,69.96009752027473
CONSORCIO CACHOEIRO - RA,66955071.120000005,49,0.2937263219863042,70.25382384226103
EDP ESPÍRITO SANTO DISTRIBUIÇÃO DE ENERGIA S.A.,66686841.36,13701,0.29254962036334775,70.54637346262437
RDJ ENGENHARIA LTDA,64558211.97,164,0.28321150046984367,70.82958496309422
EDITORA FORMAR E DISTRIBUICAO LTDA,62940777.58,6,0.276115950476664,71.10570091357089
FUNDAÇÃO ESTADUAL DE INOVAÇÃO EM SAÚDE,62108833.38,21,0.2724662805431368,71.37816719411403
PROCURADORIA GERAL DO ESTADO,60761096.27,715,0.26655387006096043,71.64472106417499
AFECC - HOSPITAL SANTA RITA DE CASSIA,58433450.7,70,0.256342682756888,71.90106374693188
CESAN-COMP.ESP.SANTENSE DE SANEAMENTO,57130927.03,2646,0.2506286198712924,72.15169236680318
SANTA CASA DE MISERICÓRDIA VITÓRIA - SAMU 192,56628669.97,26,0.24842525996953005,72.40011762677271
PODER JUDICIÁRIO DO ESTADO DO ESPIRITO SANTO,56287662.99,2259,0.24692929074223222,72.64704691751494
LOCKIN CONSTRUTORA EIRELI,55321748.96,122,0.24269190631949922,72.88973882383443
ALIMENTARES REFEIÇÕES EIRELI,55123236.6,324,0.24182104912532018,73.13155987295976
INSTITUTO DE TECNOLOGIA DA INFORMAÇÃO E COMUNICAÇÃO DO ESPÍRITO SANTO,51622582.1,993,0.22646396931598126,73.35802384227574
SEI VIGILANCIA E SEGURANCA LTDA,50567152.22,1924,0.22183388631283968,73.57985772858858
BRASLIMP SERVICOS LTDA,49869386.89,650,0.21877284790959262,73.79863057649817
HORTO CENTRAL DE MARATAÍZES LTDA,44942915.81,90,0.19716082948447808,73.99579140598264
ATIVA TERCERIZACAO DE MAO DE OBRA LTDA ME,43979883.66,1070,0.19293608762934514,74.18872749361199
INSTITUTO DE DEFESA AGROPECUÁRIA E FLORESTAL DO ESPÍRITO SANTO,43956420.75,731,0.19283315779681545,74.3815606514088
"INSTITUTO CAPIXABA DE PESQUISA, ASSISTÊNCIA TÉCNICA E EXTENSÃO RURAL",42669578.12,890,0.18718788632801736,74.56874853773682
HOSPITAL EVANGELICO DE CACHOEIRO D ITAPEMIRIM,42490124.86,51,0.1864006398185815,74.75514917755541
PREFEITURA MUNICIPAL DE CARIACICA,41981429.269999996,173,0.1841690346218136,74.93931821217723
POLÍCIA PENAL DO ESPIRITO SANTO,40635648.82,660,0.1782652078441359,75.11758342002136
DEPARTAMENTO ESTADUAL DE TRÂNSITO,37452846.22,1158,0.1643025178541436,75.2818859378755
ZORZAL TERRAPLENAGEM E LOCAÇÕES LTDA,36431811.24,305,0.1598233224134091,75.4417092602889
ENGIX CONSTRUÇÕES E SERVIÇOS,35039969.32,159,0.15371742780215183,75.59542668809105
ONCOVIT DISTRIBUIDORA DE MEDICAMENTOS LTDA,34947411.66,1082,0.1533113850545497,75.7487380731456
20/20 SERVIÇOS MÉDICOS S/S,33969993.17,121,0.1490235315237161,75.89776160466931
HORTO CENTRAL MARATAÍZES LTDA - ME,33629640.1,56,0.14753043094514043,76.04529203561445
FUNDACAO CARMELIA MARIA DE SOUZA DE CULTURA E COMUNICACAO PUBLICA,33276732.330000002,7,0.14598225394303246,76.19127428955748
MOVIMENTO DE EDUCACAO PROMOCIONAL DO ESPIRITO SANTO,31955254.36,31,0.14018504012156757,76.33145932967905
"SECRETARIA DE ESTADO DA CIÊNCIA, TECNOLOGIA, INOVAÇÃO E EDUCAÇÃO PROFISSIONAL",31516362.89,531,0.13825965978699642,76.46971898946605
CETURB-COMPANHIA DE TRANSPORTES URBANOS DA GR,31298635.15,76,0.13730450632072685,76.60702349578678
SECRETARIA DE ESTADO DE GESTÃO E RECURSOS HUMANOS,31202031.36,1073,0.136880713537716,76.7439042093245
CDG CONSTRUTORA S/A,30931398.23,38,0.13569346853068626,76.87959767785519
PREFEITURA MUNICIPAL DE LINHARES,30161430.88,66,0.13231568587760373,77.01191336373279
PRIME CONSULTORIA E ASSESSORIA EMPRESARIAL LTDA,30135362.66,2010,0.1322013267670353,77.14411469049982
PREFEITURA MUNICIPAL DE CACHOEIRO DE ITAPEMIRIM,29894608.03,184,0.13114515625167084,77.2752598467515
CONSORCIO ANDRADE VALLADARES - CAIS,28969168.57,54,0.12708533039741088,77.4023451771489
INSTITUTO ESTADUAL DE MEIO AMBIENTE E RECURSOS HÍDRICOS,27881576.52,721,0.12231415463246391,77.52465933178136
HFS COMERCIAL LTDA - ME,27875398.61,2,0.12228705265569786,77.64694638443706
AMPLA SERVICOS DE PROPAGANDA E PUBLICIDADE LTDA,27811441.759999998,344,0.12200647928011799,77.76895286371717
INSTITUTO ESPERANÇA,27402008.54,15,0.12021032983545424,77.88916319355263
FMS DE SERRA,27114879.509999998,22,0.11895071868865638,78.00811391224128
THOMPSON ENGENHARIA LTDA,26294162.939999998,49,0.11535030343307005,78.12346421567436
PREFEITURA MUNICIPAL DE ARACRUZ,26180595.23,65,0.11485209134552077,78.23831630701989
EMPRESA BRASILEIRA DE CORREIOS E TELÉGRAFOS-ECT,26130345.26,368,0.11463164891119688,78.35294795593109
SANTA CASA DE MISERICORDIA DE GUACUI,26059546.19,50,0.11432105928619476,78.46726901521728
THOMAS GREG E SONS LTDA,26058998.06,25,0.11431865468552482,78.5815876699028
PREFEITURA MUNICIPAL DE SÃO MATEUS,25553675.47,26,0.11210184655890397,78.6936895164617
SINALES SINALIZACAO ESPIRITO SANTO LTDA,23648331.69,151,0.10374326204458315,78.79743277850629
SECRETARIA DE ESTADO DE CONTROLE E TRANSPARÊNCIA,23140047.96,906,0.10151346364334175,78.89894624214963
POLICIA CIENTIFICA DO ESTADO DO ESPIRITO SANTO,23109222.51,334,0.1013782349608743,79.00032447711051
BANCO DO ESTADO DO ESPIRITO SANTO S/A,22989594.68,118,0.10085343763148115,79.101177914742
FLEX ADMINISTRADORA E PRESTAÇÃO DE SERVIÇOS LTDA.,22092912.0,1928,0.09691976537664655,79.19809768011864
