Favorecido,Registros,ValorPago
FUNDO FINANCEIRO,18480,2880210364.7200003
SECRETARIA DE ESTADO DA EDUCAÇÃO,15340,1243517895.11
FUNDO DE PROTEÇÃO SOCIAL DOS MILITARES,3111,1182477449.42
POLÍCIA MILITAR DO ESTADO DO ESPÍRITO SANTO,7270,1040452003.27
BANDES- BANCO DE DESENVOLVIMENTO DO ESP.SANTO,1369,997622877.07
TRIBUNAL DE JUSTIÇA DO ESTADO DO ESPÍRITO SANTO,11587,924872631.66
FUNDO ESTADUAL DE SAÚDE,8284,546882424.34
BANCO NACIONAL DE DES. ECONOMICO E SOCIAL,301,381846963.33
BANCO DO BRASIL S/A,687,359997611.06
MINISTÉRIO PÚBLICO DO ESTADO DO ESPÍRITO SANTO,4879,328789500.11
POLÍCIA CIVIL DO ESTADO DO ESPÍRITO SANTO,2423,325487878.39
SECRETARIA DE ESTADO DA JUSTIÇA,4828,319152314.87
SECRETARIA DA RECEITA FEDERAL DO BRASIL,1526,302264552.19
INSTITUTO NACIONAL DE SEGURIDADE SOCIAL,16648,288150822.12
FUNDO PREVIDENCIÁRIO,11758,282422534.33
ASSOCIAÇÃO EVANG. BENEF. ESPIRITO SANTENSE - AEBES,219,237770271.69
HOSPITAL INFANTIL FRANCISCO DE ASSIS,512,199773747.11
"INSTITUTO ACQUA - AÇÃO, CIDADANIA, QUALIDADE URBANA E AMBIENTAL",218,181870445.18
ASSOCIACAO EVANGELICA BENEFICENTE E.SANTENSE,610,181343525.80999997
CONSORCIO SUDOESTE,186,177550783.23
FUNDACAO ESTADUAL DE INOVACAO EM SAUDE - INOVA CAPIXABA,126,173943578.06
CONTEK ENGENHARIA S/A,476,167217231.39999998
HECI HOSP EVANGELICO DE CACHOEIRO DE ITAPEMIRIM,319,165380272.02
A MADEIRA INDUSTRIA E COMERCIO LTDA,550,162994753.32
CAIXA ECONÔMICA FEDERAL - CEF MATRIZ (utilizar inclusive para pgto de consignações),1333,155149912.25
SECRETARIA DE ESTADO DA FAZENDA,4326,153337777.43
ASSEMBLEIA LEGISLATIVA DO ESTADO DO ESPÍRITO SANTO,3404,141900807.36
CORPO DE BOMBEIROS MILITAR DO ESTADO DO ESPÍRIDO SANTO,2955,134989104.13
TRIBUNAL DE CONTAS DO ESTADO DO ESPÍRITO SANTO,3005,127988777.45
INSTITUTO DE ATENDIMENTO SOCIOEDUCATIVO DO ESPÍRITO SANTO,2592,127742290.35
SANTA CASA DE MISERICORDIA DE VITORIA,274,123442425.39
AEBES - GERENCIADORA DO HEUE,166,121029466.0
CONSORCIO ATLÂNTICO SUL,165,114088488.09
COMPANHIA ESPIRITO SANTENSE DE SANEAMENTO CESAN,9875,98530098.41999999
SANTA CASA DE MISERICORDIA DE CACHOEIRO DE IT,283,94496295.92999999
FUNDAÇÃO ESTADUAL DE INOVAÇÃO EM SAÚDE - INOVA CAPIXABA,160,89397230.77
CONSTRUTORA APIA LTDA,158,86717314.48
DEPARTAMENTO DE EDIFICAÇÕES E DE RODOVIAS DO ESTADO DO ESPÍRITO SANTO,1791,83374993.9
FUNDACAO BENEFICIENTE RIO DOCE,277,80558289.39
DEFENSORIA PÚBLICA DO ESTADO DO ESPÍRITO SANTO,1563,74312251.74
RODOCON CONSTRUÇÕES RODOVIÁRIAS LTDA,1557,74255637.38
FMS DE COLATINA,131,71262638.19
MGS ? MINAS GERAIS ADMINISTRAÇÃO E SERVIÇOS S.A.,6248,68563833.83
EDP ESPÍRITO SANTO DISTRIBUIÇÃO DE ENERGIA S.A.,41788,64976470.980000004
RDJ ENGENHARIA LTDA,457,64214529.78
FUND EST INOVACAO EM SAUDE - INOVA - HDDS,143,61344377.33
PROCURADORIA GERAL DO ESTADO,1820,59393533.61
AFECC - HOSPITAL SANTA RITA DE CASSIA,267,58433450.7
ALIMENTARES REFEIÇÕES EIRELI,1032,55095441.28
FUNDAÇÃO ESTADUAL DE INOVAÇÃO EM SAÚDE,104,55007161.589999996
PODER JUDICIÁRIO DO ESTADO DO ESPIRITO SANTO,9316,54483304.16
SANTA CASA DE MISERICÓRDIA VITÓRIA - SAMU 192,132,53709263.65
CONSORCIO COMPLEXO DE SAUDE NORTE,61,51304387.72
EDITORA FORMAR E DISTRIBUICAO LTDA,32,50195283.55
SEI VIGILANCIA E SEGURANCA LTDA,3388,49805067.269999996
BRASLIMP SERVICOS LTDA,1040,49073091.22
PREFEITURA MUNICIPAL DE SERRA,1086,46792662.03
CONSORCIO CACHOEIRO - RA,129,46631032.96
LOCKIN CONSTRUTORA EIRELI,352,45879468.93
INSTITUTO DE TECNOLOGIA DA INFORMAÇÃO E COMUNICAÇÃO DO ESPÍRITO SANTO,3547,43681894.53
ATIVA TERCERIZACAO DE MAO DE OBRA LTDA ME,2027,43273527.269999996
INSTITUTO DE DEFESA AGROPECUÁRIA E FLORESTAL DO ESPÍRITO SANTO,1787,43129350.019999996
HOSPITAL EVANGELICO DE CACHOEIRO D ITAPEMIRIM,209,42490124.86
HORTO CENTRAL DE MARATAÍZES LTDA,253,41645905.28
PREFEITURA MUNICIPAL DE CARIACICA,749,41408708.91
"INSTITUTO CAPIXABA DE PESQUISA, ASSISTÊNCIA TÉCNICA E EXTENSÃO RURAL",1944,40658440.47
POLÍCIA PENAL DO ESPIRITO SANTO,1562,39815104.410000004
DEPARTAMENTO ESTADUAL DE TRÂNSITO,2798,37055659.32
ZORZAL TERRAPLENAGEM E LOCAÇÕES LTDA,658,36416562.37
ENGIX CONSTRUÇÕES E SERVIÇOS,373,34893424.95
FUNDACAO CARMELIA MARIA DE SOUZA DE CULTURA E COMUNICACAO PUBLICA,26,33276732.330000002
ONCOVIT DISTRIBUIDORA DE MEDICAMENTOS LTDA,3552,33266737.86
MOVIMENTO DE EDUCACAO PROMOCIONAL DO ESPIRITO SANTO,153,31905266.86
"SECRETARIA DE ESTADO DA CIÊNCIA, TECNOLOGIA, INOVAÇÃO E EDUCAÇÃO PROFISSIONAL",1399,31060689.05
20/20 SERVIÇOS MÉDICOS S/S,356,30565374.189999998
CDG CONSTRUTORA S/A,97,30406352.830000002
CETURB-COMPANHIA DE TRANSPORTES URBANOS DA GR,325,30150095.869999997
PREFEITURA MUNICIPAL DE LINHARES,304,30111981.59
PREFEITURA MUNICIPAL DE CACHOEIRO DE ITAPEMIRIM,798,29891837.21
PRIME CONSULTORIA E ASSESSORIA EMPRESARIAL LTDA,5718,29409324.900000002
CONSORCIO ANDRADE VALLADARES - CAIS,108,28969168.57
SECRETARIA DE ESTADO DE GESTÃO E RECURSOS HUMANOS,3285,28671845.56
AMPLA SERVICOS DE PROPAGANDA E PUBLICIDADE LTDA,1081,27808636.49
HORTO CENTRAL MARATAÍZES LTDA - ME,238,27345377.62
INSTITUTO ESTADUAL DE MEIO AMBIENTE E RECURSOS HÍDRICOS,1787,27314516.15
THOMPSON ENGENHARIA LTDA,130,26294162.939999998
PREFEITURA MUNICIPAL DE ARACRUZ,279,26180595.23
SANTA CASA DE MISERICORDIA DE GUACUI,239,26059546.19
THOMAS GREG E SONS LTDA,53,26058998.06
EMPRESA BRASILEIRA DE CORREIOS E TELÉGRAFOS-ECT,1560,26055134.43
PREFEITURA MUNICIPAL DE SÃO MATEUS,110,24270172.84
POLICIA CIENTIFICA DO ESTADO DO ESPIRITO SANTO,729,23104431.83
SINALES SINALIZACAO ESPIRITO SANTO LTDA,447,22594318.27
CESAN-COMP.ESP.SANTENSE DE SANEAMENTO,8553,22170869.75
BANCO DO ESTADO DO ESPIRITO SANTO S/A,452,22144786.919999998
FMS DE SERRA,91,22096399.54
SECRETARIA DE ESTADO DE CONTROLE E TRANSPARÊNCIA,2584,21756822.21
FLEX ADMINISTRADORA E PRESTAÇÃO DE SERVIÇOS LTDA.,2705,21224119.66
HOSPITAL PADRE MAXIMO,177,20433135.77
CONSORCIO D.A.F. FONTINELLI - ES,26,20242372.39
