TipoLicitacao,Registros,ValorPago
NÃO APLICÁVEL - DEMAIS CASOS,428887,16912790567.81
PREGÃO,211062,1781168000.21
CONCORRÊNCIA,21476,1136918759.19
DISPENSA DE LICITAÇÃO,67354,523845706.32
REGIME DIFERENCIADO DE CONTRATAÇÕES PÚBLICAS (RDC),2057,400847727.88
INEXIGÍVEL,46379,261298857.99
ADESÃO À ATA DE REGISTRO DE PREÇOS,18415,210606746.11
INEXIGIBILIDADE DE LICITAÇÃO,35243,167473867.78
LICITAÇÕES INTERNACIONAIS,656,118517019.54
NÃO APLICÁVEL - DIÁRIAS,248568,39242933.11
CONCURSO,3625,27547010.78
TOMADA DE PREÇOS,1619,18406618.68
CONTRATAÇÃO ENVOLVENDO RECURSO DE ORGANISMO FINANCEIRO INTERNACIONAL,1034,5674458.869999999
EMPRESA PÚBLICA E SOCIEDADE DE ECONOMIA MISTA (uso exclusivo da Ceasa),740,5330073.88
CONSULTA,386,2135221.5
NÃO APLICÁVEL - ADIANTAMENTO DE SUPRIMENTO DE FUNDOS,4593,435792.46
CONVITE,14,37431.02
LEILÃO,50,30295.019999999997
