UnidadeGestora,Registros,ValorEmpenho,ValorLiquidado,ValorPago,ValorRap
FUNDO ESTADUAL DE SAÚDE,152881,2543690065.17,3223183667.74,3448946335.35,263634407.03
FUNDO FINANCEIRO,15180,4811105154.13,1581044197.02,2816107358.16,3593.1000000000004
SECRETARIA DE ESTADO DA EDUCAÇÃO,108155,1983381408.65,1981015191.8799999,2277761466.37,499150078.62
ADMINISTRAÇÃO GERAL A CARGO DA SEFAZ,8321,1956637931.13,1582069385.47,1743446108.84,42974182.019999996
DEPARTAMENTO DE EDIFICAÇÕES E DE RODOVIAS DO ESTADO DO ESPÍRITO SANTO,24285,1328546337.6100001,1301526002.33,1264611237.71,284632825.96
FUNDO DE PROTEÇÃO SOCIAL DOS MILITARES,3237,1459205540.77,1205267570.72,1187230781.32,12288.72
POLÍCIA MILITAR DO ESTADO DO ESPÍRITO SANTO,23886,1375462023.03,1177817211.35,1106210820.76,93890094.75
TRIBUNAL DE JUSTIÇA DO ESTADO DO ESPÍRITO SANTO,14508,714728211.47,895266572.07,988949525.21,46907619.55
SECRETARIA DE ESTADO DA JUSTIÇA,43183,657122645.35,604131335.47,542523282.77,62957440.94
SECRETARIA DE ESTADO DE MOBILIDADE E INFRAESTRUTURA,5174,396084405.09,425685803.34,431907511.12,31591479.18
"SECRETARIA DE  ESTADO DE SANEAMENTO, HABITAÇÃO E DESENVOLVIMENTO URBANO",8210,310892971.57,719646263.05,427753795.51,106805199.52
MINISTÉRIO PÚBLICO DO ESTADO DO ESPÍRITO SANTO,29303,268668705.24,410476026.03,418468802.4,26911572.48
POLÍCIA CIVIL DO ESTADO DO ESPÍRITO SANTO,20172,238408144.83,407750910.78000003,409783087.18,38086460.3
"SECRETARIA DE ESTADO DA AGRICULTURA, ABASTECIMENTO, AQUICULTURA E PESCA",21701,185137040.27,175230863.43,212580499.96,121021613.77
SECRETARIA DE ESTADO DA FAZENDA,11687,119957721.84,166556019.63,209632801.28,24707986.87
DEPARTAMENTO ESTADUAL DE TRÂNSITO,54584,239717004.89000002,225892737.41,204205231.63,23922187.8
ASSEMBLEIA LEGISLATIVA DO ESTADO DO ESPÍRITO SANTO,18459,143820692.47,189803905.95,184448013.54,33217956.7
FUNDO ESTADUAL DE CIÊNCIA E TECNOLOGIA,773,176451550.2,196882650.16,183907770.21,26470006.03
INSTITUTO DE ATENDIMENTO SOCIOEDUCATIVO DO ESPÍRITO SANTO,22409,95850502.61,165044405.03,178723889.36,18298347.75
TRIBUNAL DE CONTAS DO ESTADO DO ESPÍRITO SANTO,11272,163481910.52,123888859.3,159302765.83,5322421.82
CORPO DE BOMBEIROS MILITAR DO ESTADO DO ESPÍRIDO SANTO,8479,189720334.62,176859151.88,139291748.18,2584267.84
FUNDO ESTADUAL DE APOIO AO DESENVOLVIMENTO MUNICIPAL,1187,113731347.08,153412475.82999998,136584312.97,16131405.79
FUNDO ESPECIAL DO PODER JUDICIÁRIO DO ESTADO DO ESPÍRITO SANTO,27546,119990965.56,171764925.51,135317658.39,37916849.55
FUNDO SOBERANO DO ESTADO DO ESPÍRITO SANTO,172,120199603.22,12327552.600000003,127119724.73,612981.94
SECRETARIA DE ESTADO DE ESPORTES E LAZER,11154,110538818.5,117813751.28,125809310.87,10909078.049999999
FUNDO EST. DE APOIO À AMP. E MELH. DAS COND. DE OFERTA DA EDUC. INF. E DO ENS. FUND. NO ES,1502,174307351.1,220342685.06,109276538.08,273613.38
FUNDO ESTADUAL DE ASSISTÊNCIA SOCIAL,5413,109385361.93,122066296.61,107160010.27,891215.58
HOSPITAL INFANTIL NOSSA SENHORA DA GLÓRIA,14815,109075667.84,120640433.03,106604213.16,13048328.44
INSTITUTO DE TECNOLOGIA DA INFORMAÇÃO E COMUNICAÇÃO DO ESPÍRITO SANTO,6108,109427080.86,83699961.73,103232179.36,10168336.75
FUNDO PREVIDENCIÁRIO,3789,130179145.48,103843717.44,92641651.21,0.0
SUPERINTENDÊNCIA ESTADUAL DE COMUNICAÇÃO SOCIAL,6351,81607365.95,99547506.09,90863398.64,17442663.57
HOSPITAL DOUTOR ROBERTO ARNIZAUT SILVARES,9579,72561101.32,91483006.24,87399144.81,10936330.25
DEFENSORIA PÚBLICA DO ESTADO DO ESPÍRITO SANTO,3210,25769153.63,67788096.39,80699866.64,334882.17000000004
SUPERINTENDÊNCIA REGIONAL DE SAÚDE DE VITÓRIA,18171,87430509.49,87227591.84,80456227.16,14201223.55
"SECRETARIA DE ESTADO DA CIÊNCIA, TECNOLOGIA, INOVAÇÃO E EDUCAÇÃO PROFISSIONAL",17106,85932148.08,92776203.7,71678450.72,10565581.63
SECRETARIA DE ESTADO DE GESTÃO E RECURSOS HUMANOS,8623,49243881.85,46603308.43,69149428.94,6327062.56
AGÊNCIA DE DESENVOLVIMENTO DAS MICRO E PEQUENAS EMPRESAS E DO EMPREENDEDORISMO,5189,62664730.86,59783883.03,67175423.0,4713375.5
FUNDO  ESTADUAL  DE  HABITAÇÃO  DE  INTERESSE SOCIAL,199,-23887939.540000003,62842763.78,65968600.54,5725289.33
PROCURADORIA GERAL DO ESTADO,7817,25049800.87,28538683.529999997,62555423.74,1296062.1300000001
INSTITUTO DE DEFESA AGROPECUÁRIA E FLORESTAL DO ESPÍRITO SANTO,15200,26559684.29,45981878.11,60085898.61,6235192.13
INSTITUTO DE PREVIDÊNCIA DOS SERVIDORES DO ESTADO DO ESPÍRITO SANTO,9997,64463270.1,65308580.74,58264846.6,6279969.66
INSTITUTO ESTADUAL DE MEIO AMBIENTE E RECURSOS HÍDRICOS,14902,43937474.15,58579432.98,58212427.1,5787413.09
SECRETARIA DE  ESTADO DA SEGURANÇA PÚBLICA E DEFESA SOCIAL,7870,62368756.46,63561985.39,56881488.96,36436183.12
"INSTITUTO CAPIXABA DE PESQUISA, ASSISTÊNCIA TÉCNICA E EXTENSÃO RURAL",11723,65248516.47,63394187.72,54126929.7,11148574.69
POLÍCIA PENAL DO ESPIRITO SANTO,17618,77200387.23,47777375.4,52263935.94,9003946.64
FUNDO DE FORTALECIMENTO DA ECONOMIA CAPIXABA,89,1765260.69,5373316.19,48875616.419999994,3442500.5300000003
SECRETARIA DE ESTADO DO GOVERNO,12362,37858417.99,40647998.01,43339131.78,5371239.99
HOSPITAL DOUTORA RITA DE CASSIA,7540,37257391.6,43762104.26,39991599.59,6169333.72
SUPERINTENDÊNCIA REGIONAL DE SAÚDE DE COLATINA,13912,51521465.32,32541579.66,39135787.1,7799589.79
SECRETARIA DE ESTADO DA CULTURA,6748,25111768.83,36905431.8,37799259.19,3718212.27
SUPERINTENDÊNCIA REGIONAL DE SAÚDE DE SÃO MATEUS,11222,42078415.5,39778881.54,36957236.29,4585017.62
POLICIA CIENTIFICA DO ESTADO DO ESPIRITO SANTO,2781,48442999.89,36711848.27,36889052.04,381293.34
SECRETARIA DE ESTADO DE DIREITOS HUMANOS,7216,29954532.93,43809752.42,34575917.82,1413469.26
FUNDO DE CULTURA DO ESTADO DO ESPÍRITO SANTO,4493,38116499.52,32283918.33,32942209.54,4543355.45
SECRETARIA DA CASA MILITAR,12034,57917796.87,77480812.50999999,32266587.759999998,9728061.65
FUNDO DE APARELHAMENTO DA DEFENSORIA PÚBLICA,11613,26219963.23,34599089.32,27808206.88,6727293.0
SUPERINTENDÊNCIA REGIONAL DE SAÚDE DE  CACHOEIRO ITAPEMIRIM,8881,25593500.080000002,37818808.29,27300403.65,4032793.1
SECRETARIA DE ESTADO DE MEIO AMBIENTE E RECURSOS HÍDRICOS,5319,23977850.52,25956289.35,26873432.48,2635473.48
FUNDO ESTADUAL DE SEGURANÇA PÚBLICA E DEFESA SOCIAL,1248,40792569.88,28490066.77,26577741.59,15328634.91
FUNDAÇÃO DE AMPARO À PESQUISA E INOVAÇÃO DO ESPÍRITO SANTO,3353,11005498.63,30775033.01,24935926.349999998,800912.39
SECRETARIA DE ESTADO DE CONTROLE E TRANSPARÊNCIA,4383,32696602.939999998,21856336.91,24899584.99,150480.74
SECRETARIA DE ESTADO DO TURISMO,5153,29688810.78,28881915.26,24730122.9,2366043.38
FUNDO DE MODERNIZAÇÃO E DESENVOLVIMENTO FAZENDÁRIO,12376,20086781.77,22726064.42,24089847.7,896981.4299999999
HOSPITAL E MATERNIDADE SILVIO AVIDOS,4221,22347684.89,23378129.330000002,23840058.36,5563248.600000001
HOSPITAL JOÃO DOS SANTOS NEVES,4956,23616051.15,25657636.7,23461937.86,1221839.83
HOSPITAL ADAUTO BOTELHO,4568,16793398.72,21710569.78,18814814.65,2438320.2399999998
FUNDO ESPECIAL DO MINISTÉRIO PÚBLICO DO ESPÍRITO SANTO,1081,7861964.85,13452124.73,18785469.6,11488678.0
SECRETARIA ESTADUAL DAS MULHERES,4629,15389297.85,16543854.51,17651993.73,-368641.64
FUNDO ESPECIAL DE  REEQUIPAMENTO DO CORPO BOMBEIROS MILITAR DO ESPÍRITO SANTO,1533,10809810.19,18795692.07,17178105.14,4736070.37
CENTRAIS DE ABASTECIMENTO DO ESPÍRITO SANTO,3833,7904606.54,18648703.23,17015661.080000002,974489.93
HOSPITAL SÃO JOSÉ DO CALÇADO,7971,16640851.81,13333945.26,16087669.09,2175904.97
"FUNDO ESPECIAL PARA CONSTRUÇÃO, REFORMA E AMPLIAÇÃO DE EQUIPAMENTOS PÚBLICOS ESTADUAIS",467,9126426.35,7282690.100000001,14911212.31,3750198.84
FUNDO ESTADUAL DE RECURSOS HÍDRICOS E FLORESTAIS DO ESPÍRITO SANTO,219,7769005.77,6824515.83,14259098.76,210767.85
FACULDADE DE MÚSICA DO ESPÍRITO SANTO,4224,19116699.69,9278917.81,13276804.92,596536.11
"SECRETARIA DE ESTADO DE TRABALHO, ASSISTÊNCIA E DESENVOLVIMENTO SOCIAL",6807,13685210.55,15590823.26,12778107.09,1618393.97
ADMINISTRAÇÃO GERAL A CARGO DA SEGER,733,7594544.96,13928835.77,12614339.09,0.0
FUNDO DE MODERNIZAÇÃO E INCENTIVO A COBRANÇA DA DÍVIDA ATIVA E DE REESTRUT. ADM. DA PGE,1352,17264016.69,111915190.16000001,12538600.24,1367235.1300000001
SECRETARIA DE ESTADO DE RECUPERAÇÃO DO RIO DOCE,740,15745114.09,22639492.75,11871355.629999999,0.0
FUNDO DE PROTEÇÃO E DEFESA CIVIL DO ESTADO,1388,8543067.99,9454178.639999999,11083148.98,265227.42
AGÊNCIA ESTADUAL DE RECURSOS HÍDRICOS,5318,17861496.45,11925505.97,10864795.97,254689.12
SECRETARIA DE ESTADO DE ECONOMIA E PLANEJAMENTO,3751,7262980.23,12710984.65,10497088.1,485310.22000000003
SECRETARIA DA CASA CIVIL,3064,8427886.56,10430573.01,9715182.22,274225.12
INSTITUTO JONES DOS SANTOS NEVES,3628,11790559.62,11793124.66,9172875.66,823039.21
JUNTA COMERCIAL DO ESTADO DO ESPIRITO SANTO,4294,12502313.57,10107800.98,8745043.45,1933386.74
RÁDIO E TELEVISÃO ESPÍRITO SANTO,3573,4894175.75,9324317.73,8639797.49,1315026.09
CENTRO DE REABILITAÇÃO FÍSICA DO ESTADO DO ESPÍRITO SANTO,3974,9156684.15,10053369.17,8604014.75,2698436.67
INSTITUTO DE PESOS E MEDIDAS DO ESTADO DO ESPÍRITO SANTO,4936,8306734.35,4724307.71,8360213.81,394652.36
AGÊNCIA DE REGULAÇÃO DE SERVIÇOS PÚBLICOS,3496,4262731.35,7294126.49,6786269.63,2185503.36
UNIDADE INTEGRADA JERÔNIMO MONTEIRO,4405,5558010.41,5583940.52,6684205.76,3258465.1
FUNDO ESPECIAL DE APOIO AO PROGRAMA ESTADUAL DE DESENVOLVIMENTO RURAL SUSTENTÁVEL,112,-72121.15999999999,10200859.700000001,6633951.33,854954.23
DEPARTAMENTO DE IMPRENSA OFICIAL,3337,5535516.6,7157093.54,6140878.01,216309.09
SECRETARIA DE ESTADO DE DESENVOLVIMENTO,2962,7463655.6,5667507.830000001,6102422.72,1173591.74
FUNDO SOCIAL DE APOIO A AGRICULTURA FAMILIAR DO ESTADO DO ESPÍRITO SANTO,6,0.0,0.0,6000000.0,5275905.18
FUNDO ROTATIVO DO SISTEMA PENITENCIÁRIO,1547,13762594.33,3923418.42,5858945.02,3617807.42
ESCOLA DE SERVIÇO PÚBLICO DO ESPÍRITO SANTO,15197,7466883.58,6585025.68,5786852.48,2704204.96
FUNDO ESTADUAL DE COMBATE E ERRADICAÇÃO DA POBREZA,786,20660280.209999997,4164027.1700000004,5449176.76,607590.0599999999
FUNDO ESPECIAL DE REEQUIPAMENTO DA POLÍCIA MILITAR,38,9946267.26,1341823.9700000002,4918401.5,3332287.77
FUNDO ESTADUAL DE DEFESA DO CONSUMIDOR,1855,7127754.85,4540666.65,4544335.7,281645.51
DIRETORIA DE SAÚDE DA POLÍCIA MILITAR,3596,6850351.45,4966429.62,4290663.87,2516119.41
HOSPITAL DOUTOR DORIO SILVA,621,4712930.26,2203478.46,3840127.1999999997,6681450.91
ARQUIVO PÚBLICO DO ESTADO DO ESPÍRITO SANTO,2363,3450789.95,3527337.5100000002,3514187.2,255607.32
INSTITUTO ESTADUAL DE PROTEÇÃO E DEFESA DO CONSUMIDOR,1872,2550932.08,3565879.96,3312528.16,156557.67
VICE-GOVERNADORIA DO ESTADO,1838,1068947.73,2408793.05,3066400.62,37413.88
FUNDO ESTADUAL DO MEIO AMBIENTE,151,4864423.96,3644663.15,3056963.27,759967.01
CENTRO DE ATENDIMENTO PSIQUIÁTRICO ARISTIDES ALEXANDRE CAMPOS,1844,3535317.47,3559461.37,2604584.77,275878.37
FUNDO DE FOMENTO DO TURISMO,314,1476617.29,2341769.45,2181924.68,88753.95
FUNDO ESTADUAL SOBRE DROGAS,417,1763964.0,1594396.15,1545214.36,531497.14
FUNDO DE AVAL DO MICROCRÉDITO DO ESTADO DO ESPÍRITO SANTO,64,1600000.0,1266426.24,1501478.59,50133.88
FUNDO ESTADUAL DO TRABALHO DO ESTADO DO ESPÍRITO SANTO,274,1912033.46,399748.89999999997,941205.3,188545.71
COLONIA PEDRO FONTES,643,272094.54000000004,527907.75,746506.13,170759.71
FUNDO ESTADUAL DE DEFESA DOS DIREITOS DA PESSOA IDOSA,132,-70354.93,20975.810000000005,224284.97999999998,0.0
FUNDO PENITENCIÁRIO ESTADUAL,76,107712.90000000001,-180283.41999999993,166107.79,3689671.42
FUNDO ESTADUAL DE COMBATE A CORRUPÇÃO,128,505945.64,81104.44,140386.85,731876.26
FUNDO DE INCENTIVO AO ESPORTE E LAZER DO ESPÍRITO SANTO,48,300000.0,-185525.52,112451.2,523914.8
COORDENADORIA ESTADUAL DE PROTEÇÃO E DEFESA CIVIL,594,78233.41,70612.12,52203.29,6695.8
FUNDO ESPECIAL DE REEQUIPAMENTO DA POLÍCIA CIVIL,319,1850294.5899999999,1498733.89,17943.78,6182802.65
FUNDO PARA A INFÂNCIA E A ADOLESCÊNCIA,25,-3502.54,43854.439999999995,10915.869999999999,0.0
FUNDO ESTADUAL P/ O FINANC. DE OBRAS E INFRAEST. ESTRATÉGICA P/ O DESENV. DO EST. DO ES,15,0.0,1631.66,596.45,1310.6200000000001
