CodigoProcesso,Registros,ValorPago,ReferenciasDocumento,ReferenciasDocumentoEmpenho
2024017189342,8324,1984571773.96,8324,8324
2025-WHPC8,8882,1895453223.36,8882,8882
2024-09B3L,4360,748783392.8199999,4360,4360
2025-M9S36,4709,646549197.76,4709,4709
2024-CL0ZK,3667,470493229.94,3667,3667
2025019172235,1659,422822323.38,1659,1659
2024006879461,43,411245178.68,43,43
2024-4CV94,4996,337740773.7,4996,4996
7000456702025,2649,314925681.99,2649,2649
2023-WHH67,71,306595622.3,71,71
7000034172024,2541,297336315.78,2541,2541
2023-63NHJ,3578,253571367.6,3578,3578
2025-BHBH6,1363,200407335.22,1363,1363
2025017766340,2850,189828615.85,2850,2850
2021016654825,63,177043235.31,63,63
2024016449186,2528,170366821.76,2528,2528
2023005900064,68,169229204.20000002,68,68
2025023414676,45,164234729.76,45,45
2024-GFD3C,1315,155349528.07,1315,1315
2022005307913,119,154922407.32999998,119,119
2022007831683,142,152883193.29999998,142,142
2022021794572,115,144184465.34,115,115
2021002075085,36,139646462.62,36,36
2025021443692,212,139413604.05,212,212
7000033322024,1527,124020754.17,1527,1527
2021004867244,64,120325526.72,64,64
2025-RN2GH,2374,120066970.62,2374,2374
7000454852025,1380,117765362.4,1380,1380
2024-DSN9W,25,117611486.78,25,25
2022018761412,74,106766448.98,74,74
2023-03083,24,103047905.64,24,24
2022014356361,128,93394122.92999999,128,128
2025-VP3W8,106,91979836.7,106,106
2023-169Z8,130,85647424.86,130,130
2025-BVF5H,1359,85145541.21,1359,1359
2024019441527,180,84678937.24000001,180,180
0045578202517,338,84358410.47,338,338
000222025,1665,80973905.94,1665,1665
2024-08MC2,71,79352801.75,71,71
46,875,78297525.1,875,875
2024-W0B0Z,1263,77110997.23,1263,1263
2025-37NM8,1334,75288987.48,1334,1334
2025016321710,2,75000000.0,2,2
2022000823764,98,74412894.93,98,98
2021021184226,13536,74310930.96,13536,13536
122024,1736,74301827.21,1736,1736
2024-HMMK0,41,73583435.62,41,41
0044583202316,315,73298668.98,315,315
2025-KD4GB,1669,73145151.28,1669,1669
45578202417,697,69664005.7,697,697
2024-FTDZK,1361,67199381.75,1361,1361
2024-KBV9D,1530,66690227.419999994,1530,1530
2022010373550,68,65803684.33,68,68
2022002372561,17,63676187.85,17,17
2024-K7WN2,1439,62028301.26,1439,1439
2022006729798,35,61485936.12,35,35
2024-7QJH9,94,58460827.440000005,94,94
000052024,1505,55462141.2,1505,1505
2025-NNN6G,68,55429949.12,68,68
7000456552025,1810,54218950.92,1810,1810
2022006698091,97,52418425.14,97,97
2022-G9ZSP,15,52120622.11,15,15
2021009941064,34,51304387.72,34,34
2025003922330,664,51295705.349999994,664,664
2022012893427,69,51180662.82,69,69
2022002874123,85,51034055.61,85,85
2022-PGRTD,41,50969566.22,41,41
44583202316,674,50379185.3,674,674
2021003689028,51,48914746.49,51,51
2024003744006,19,48695635.9,19,19
7000035022024,1559,48450656.39,1559,1559
2024-7Q6LF,82,46631032.96,82,82
2024001824946,11,46418135.98,11,11
2020009813515,15,45488532.39,15,15
2021-NS1J1,41,45292676.25,41,41
2023-HT0KX,7,44954214.31,7,7
2023-674WG,115,44809381.34,115,115
2025-85M6S,1,44196359.36,1,1
5961,834,42110227.88,834,834
2022019555184,79,41595213.47,79,79
2023004959466,439,41342526.44,439,439
722025,1081,41302495.84,1081,1081
2024-G3SV4,603,40230237.16,603,603
2021023152284,87,38664203.61,87,87
2023-0FCRH,90,38390172.31,90,90
2021020525803,68,38354347.16,68,68
2025016802766,1201,36996142.13,1201,1201
2021022928810,26,36302055.32,26,26
2023-WSCNQ,98,35541040.97,98,98
2024-X1KC0,12,35321418.74,12,12
2024014300001,620,35099202.49,620,620
2024-27KPJ,79,34254939.61,79,79
2023-SH4NW,17,33574211.54,17,17
2021002444564,52,33136081.53,52,52
2021020165458,29,30910961.81,29,29
2023-4WTVC,43,30465010.8,43,43
2020015248642,55,30406352.830000002,55,55
2023-TWD5G,142,30159072.700000003,142,142
2022015659505,70,29345371.279999997,70,70
2024011100094,987,28989459.14,987,987
