ElementoDespesa,SubelementoDespesa,Registros,ValorPago
VENCIMENTOS E VANTAGENS FIXAS - PESSOAL CIVIL,SUBSÍDIOS - RPPS,19986,1614704243.97
"APOSENTADORIAS DO RPPS, RESERVA REMUNERADA E REFORMAS DOS MILITARES",_PROVENTOS - PESSOAL CIVIL - RPPS - FUNDO FINANCEIRO (não utilizar a partir de 2025),2986,1188319792.54
"APOSENTADORIAS DO RPPS, RESERVA REMUNERADA E REFORMAS DOS MILITARES",APOSENTADORIAS POR TEMPO DE CONTRIBUIÇÃO - FUNDO FINANCEIRO,3204,987059157.86
OBRAS E INSTALAÇÕES,OBRAS RODOVIÁRIAS E VIÁRIAS,5807,838131384.5
VENCIMENTOS E VANTAGENS FIXAS - PESSOAL MILITAR,SUBSÍDIOS - PESSOAL MILITAR,3098,788547002.55
SUBVENÇÕES SOCIAIS,TRANSFERÊNCIAS A INSTITUIÇÕES PRIVADAS SEM FINS LUCRATIVOS - OUTROS SERVIÇOS DE TERCEIROS PJ - CONTRATUALIZAÇÃO DE SERVIÇOS MÉDICOS HOSPITALARES - DEMAIS SERVIÇOS,2201,665197802.06
CONCESSÃO DE EMPRÉSTIMOS E FINANCIAMENTOS,FUNDAP,106,600679908.44
"APOSENTADORIAS DO RPPS, RESERVA REMUNERADA E REFORMAS DOS MILITARES",RESERVA REMUNERADA - PROVENTOS - PESSOAL MILITAR (FPS),791,476339698.07
SUBVENÇÕES SOCIAIS,TRANSFERÊNCIAS A INSTITUIÇÕES PRIVADAS SEM FINS LUCRATIVOS ? SERVIÇOS MÉDICOS - CONVÊNIOS DE CONTRATUALIZAÇÃO EM SAÚDE,1965,452321802.72
CONTRATAÇÃO POR TEMPO DETERMINADO,SALÁRIO - CONTRATO TEMPORÁRIO - LEI 8.745/93 - RGPS - PROFESSORES SUBSTITUTOS,1201,409667089.8
VENCIMENTOS E VANTAGENS FIXAS - PESSOAL CIVIL,VENCIMENTOS E SALÁRIOS - RPPS,3675,399237725.2
"APOSENTADORIAS DO RPPS, RESERVA REMUNERADA E REFORMAS DOS MILITARES",PROVENTOS - PESSOAL MILITAR (FPS),835,363676866.24
CONTRATO DE GESTÃO,TRANSFERENCIAS CONTRATOS DE GESTÃO - SERVIÇOS DE SAUDE -USAR APENAS EM 2022,437,347311451.61
AUXÍLIOS,TRANSFERÊNCIAS A MUNICÍPIOS - AUXÍLIOS,1246,327243830.14
CONTRATAÇÃO POR TEMPO DETERMINADO,"SALÁRIO - CONTRATO TEMPORÁRIO - RGPS - SERVIÇOS DE APOIO ADMINISTRATIVO, TÉCNICO E OPERACIONAL",2633,322252167.21
SUBVENÇÕES ECONÔMICAS,TRANSFERÊNCIAS A INSTITUIÇÕES PRIVADAS COM FINS LUCRATIVOS - SUBVENÇÕES ECONÔMICAS - TRANSCOL SOCIAL,416,297844758.16
VENCIMENTOS E VANTAGENS FIXAS - PESSOAL CIVIL,VENCIMENTOS E SALÁRIOS - RGPS,12115,282019463.84
CONTRATO DE GESTÃO,CG_TRANSFERÊNCIAS A INSTITUIÇÕES PRIVADAS SEM FINS LUCRATIVOS - CONTRATO DE GESTÃO - ADMINISTRAÇÃO E OPERACIONALIZAÇÃO DE SERVIÇOS HOSPITALARES,353,271040454.81
PENSÕES DO RPPS E DO MILITAR,PENSÕES CIVIS - RPPS - FUNDO FINANCEIRO,4167,260054955.2
OBRIGAÇÕES TRIBUTÁRIAS E CONTRIBUTIVAS,CONTRIBUIÇÃO PARA O PIS/PASEP,1206,258414643.62
VENCIMENTOS E VANTAGENS FIXAS - PESSOAL CIVIL,13º SALÁRIO - RPPS,3621,232613507.94
PRINCIPAL DA DÍVIDA CONTRATUAL RESGATADO,FINANCIAMENTOS - INTERNOS - BNDES,144,214075367.69
OBRAS E INSTALAÇÕES,EDIFICAÇÕES REFERENTES A IMÓVEIS DE USO ESPECIAL,4456,198065348.3
CONTRATAÇÃO POR TEMPO DETERMINADO,OBRIGAÇÕES PATRONAIS DO EXERCÍCIO - RGPS - MENSAL,2321,193664847.81
CONTRATO DE GESTÃO,CONTRATO DE GESTÃO_TRANSFERÊNCIAS À FUNDAÇÃO INOVA - ADMINISTRAÇÃO E OPERACIONALIZAÇÃO DE SERVIÇOS HOSPITALARES,197,193188280.44
JUROS SOBRE A DÍVIDA POR CONTRATO,JUROS SOBRE FINANCIAMENTOS - INTERNOS,359,191464087.01
PENSÕES DO RPPS E DO MILITAR,PENSÕES MILITARES (FPS),1087,185797249.20000002
OBRAS E INSTALAÇÕES,OBRAS DE BENFEITORIA OU MELHORIA EM IMÓVEIS DE USO ESPECIAL,4428,162126876.57
CONTRIBUIÇÕES,TRANSFERÊNCIAS A MUNICÍPIOS - FUNDO A FUNDO - CONTRIBUIÇÕES - FUNDOS MUNICIPAIS DE SAÚDE,1905,161540912.29
"APOSENTADORIAS DO RPPS, RESERVA REMUNERADA E REFORMAS DOS MILITARES",13º SALÁRIO - INATIVO CIVIL - RPPS - FUNDO FINANCEIRO,277,157549455.01
AUXÍLIO-ALIMENTAÇÃO,AUXÍLIO ALIMENTAÇÃO - PESSOAL CIVIL - RPPS - FOLHA,4958,156696285.47
LOCAÇÃO DE MÃO-DE-OBRA,LIMPEZA E CONSERVAÇÃO,13440,153715605.55
AUXÍLIO-ALIMENTAÇÃO,AUXÍLIO ALIMENTAÇÃO - PESSOAL CIVIL - RGPS - FOLHA,4049,148383786.54999998
LOCAÇÃO DE MÃO-DE-OBRA,"SERVIÇOS DE APOIO ADMINISTRATIVO, TÉCNICO E OPERACIONAL",15250,142850111.01000002
PASSAGENS E DESPESAS COM LOCOMOÇÃO,EXECUÇÃO ORÇAMENTÁRIA DELEGADA A MUNICÍPIOS - PASSAGENS E DESPESAS COM LOCOMOÇÃO - PROGRAMA PETE/ES,1197,141961159.41
AUXÍLIOS,TRANSFERÊNCIAS A MUNICÍPIOS - FUNDO A FUNDO - AUXÍLIOS - FUNDO CIDADES,1176,135458912.97
LOCAÇÃO DE MÃO-DE-OBRA,VIGILÂNCIA OSTENSIVA,9830,129145164.77
OUTROS SERVIÇOS DE TERCEIROS - PESSOA JURÍDICA,"MANUTENÇÃO E CONSERVAÇÃO DE RUAS, ESTRADAS E VIAS",5726,128815971.82000001
VENCIMENTOS E VANTAGENS FIXAS - PESSOAL CIVIL,GRATIFICAÇÃO POR EXERCÍCIO DE FUNÇÕES - RPPS,3224,122919035.24000001
OUTROS SERVIÇOS DE TERCEIROS - PESSOA JURÍDICA,"SERVIÇOS MÉDICO-HOSPITALARES, ODONTOLÓGICOS E LABORATORIAIS",12295,117636605.35000001
AUXÍLIO FINANCEIRO A PESQUISADORES,AUXÍLIO A PESQUISADORES,25659,110677803.02000001
AUXÍLIOS,TRANSFERÊNCIAS A MUNICÍPIOS - AUXÍLIOS - FUNPAES,1501,109276538.08
JUROS SOBRE A DÍVIDA POR CONTRATO,JUROS SOBRE FINANCIAMENTOS - EXTERNOS,75,107021542.99000001
PRINCIPAL DA DÍVIDA CONTRATUAL RESGATADO,FINANCIAMENTOS - EXTERNOS - BID,39,106580726.38
VENCIMENTOS E VANTAGENS FIXAS - PESSOAL CIVIL,FÉRIAS - ABONO CONSTITUCIONAL - RPPS,3540,103582177.63
OUTROS SERVIÇOS DE TERCEIROS - PESSOA JURÍDICA,_ADMINISTRAÇÃO E OPERACIONALIZAÇÃO DE SERVIÇOS HOSPITALARES - CONTRATO DE GESTÃO COM A FUNDAÇÃO iNOVA CAPIXABA (utilizar apenas para movimentar saldos antigos),84,103277703.11
MATERIAL DE CONSUMO,FORNECIMENTO DE ALIMENTAÇÃO PRISIONAL,2348,102017882.13
"MATERIAL, BEM OU SERVIÇO PARA DISTRIBUIÇÃO GRATUITA",MEDICAMENTOS DESTINADOS A ASSISTÊNCIA SOCIAL,5522,96745631.66
OBRIGAÇÕES PATRONAIS,FUNDO PREVIDENCIÁRIO - ATIVO CIVIL - RPPS - MENSAL,3171,82044294.89
AUXÍLIO FINANCEIRO A ESTUDANTES,BOLSAS DE ESTUDO NO PAÍS,96,81041972.17
AUXÍLIO-ALIMENTAÇÃO,AUXÍLIO ALIMENTAÇÃO - PESSOAL MILITAR - FOLHA,520,80761977.4
CONSTITUIÇÃO OU AUMENTO DE CAPITAL DE EMPRESAS,CESAN,40,78895096.83
VENCIMENTOS E VANTAGENS FIXAS - PESSOAL MILITAR,13º SALÁRIO (ADICIONAL NATALINO) - PESSOAL MILITAR,306,78773556.86
OUTROS SERVIÇOS DE TERCEIROS - PESSOA JURÍDICA,SERVIÇOS TÉCNICOS PROFISSIONAIS,8339,76940902.93
OUTROS SERVIÇOS DE TERCEIROS - PESSOA JURÍDICA,SERVIÇOS DE PREPARO/FORNECIMENTO DE ALIMENTAÇÃO,704,76818801.74
AQUISIÇÃO DE TÍTULOS DE CRÉDITO,INVESTIMENTOS DO FUNSES: DEBÊNTURES,38,73535608.23
CONTRIBUIÇÕES,TRANSFERÊNCIAS A MUNICÍPIOS - FUNDO A FUNDO - CONTRIBUIÇÕES - FUNDOS MUNICIPAIS DE ASSISTÊNCIA SOCIAL,1659,72752118.05
CONTRATAÇÃO POR TEMPO DETERMINADO,BONIFICAÇÃO DE DESEMPENHO - DT - SEDU - RGPS,116,72489015.09
AUXÍLIOS,TRANSFERÊNCIAS A MUNICÍPIOS - FUNDO A FUNDO - AUXÍLIOS - FUNDOS MUNICIPAIS DE SAÚDE,532,71461996.93
SENTENÇAS JUDICIAIS,MANDADOS JUDICIAIS NA ÁREA DA SAÚDE - MEDICAMENTOS,11780,70929656.15
"APOSENTADORIAS DO RPPS, RESERVA REMUNERADA E REFORMAS DOS MILITARES",13º SALÁRIO - PESSOAL CIVIL - RPPS - FUNDO PREVIDENCIÁRIO,277,68683580.69
OUTROS SERVIÇOS DE TERCEIROS - PESSOA JURÍDICA,SERVIÇOS DE ENERGIA ELÉTRICA,43332,67143990.67999999
VENCIMENTOS E VANTAGENS FIXAS - PESSOAL CIVIL,GRATIFICAÇÃO DE TEMPO DE  SERVIÇO - RPPS,1263,67074769.18
OUTROS BENEFÍCIOS ASSISTENCIAIS DO SERVIDOR E DO MILITAR,AUXÍLIO SAÚDE - RPPS,1142,66686691.010000005
OBRIGAÇÕES PATRONAIS,CONTRIBUIÇÕES PREVIDENCIÁRIAS - INSS PATRONAL - MENSAL,4237,64725138.16
MATERIAL DE CONSUMO,MATERIAL BIBLIOGRÁFICO NÃO IMOBILIZÁVEL,124,64282942.940000005
OUTROS SERVIÇOS DE TERCEIROS - PESSOA JURÍDICA,"EXPOSIÇÕES, CONGRESSOS E CONFERÊNCIAS",1649,64072591.27
INDENIZAÇÕES E RESTITUIÇÕES,INDENIZAÇÃO SUPLEMENTAR ESCALA OPERAÇÃO-ISEO-PESSOAL MILITAR,435,62396487.64
SUBVENÇÕES ECONÔMICAS,TRANSFERÊNCIAS A INSTITUIÇÕES PRIVADAS COM FINS LUCRATIVOS - SUBVENÇÕES ECONÔMICAS - EQUALIZAÇÃO DE JUROS,115,61967362.830000006
PRINCIPAL DA DÍVIDA CONTRATUAL RESGATADO,FINANCIAMENTOS - INTERNOS - CAIXA ECONÔMICA FEDERAL,233,61338453.98
"MATERIAL, BEM OU SERVIÇO PARA DISTRIBUIÇÃO GRATUITA",BENS MÓVEIS ADQUIRIDOS PARA DOAÇÃO (§ 2º DO ART. 60 DO DECRETO ESTADUAL Nº 1.110-R/2002),4094,59765777.080000006
MATERIAL DE CONSUMO,FORNECIMENTO DE ALIMENTAÇÃO ESCOLAR,1266,59593278.56
SUBVENÇÕES SOCIAIS,TRANSFERÊNCIAS A INSTITUIÇÕES PRIVADAS SEM FINS LUCRATIVOS - SUBVENÇÕES SOCIAIS - PROGRAMA PROGEFE (antigo PEDDE/ES),3164,59224646.6
OBRIGAÇÕES PATRONAIS,FUNDO PREVIDENCIÁRIO - ATIVO CIVIL - RPPS - MENSAL - PODER EXECUTIVO,1892,58431621.61
PENSÕES DO RPPS E DO MILITAR,PENSÕES CIVIS - RPPS,1551,57590985.589999996
"APOSENTADORIAS DO RPPS, RESERVA REMUNERADA E REFORMAS DOS MILITARES",13º SALÁRIO - PESSOAL MILITAR (FPS),36,57584290.660000004
JUROS SOBRE A DÍVIDA POR CONTRATO,JUROS SOBRE FINANCIAMENTOS - PROGRAMA DE APOIO À REESTRUTURAÇÃO E AO AJUSTE FISCAL DOS ESTADOS,32,55889795.1
"APOSENTADORIAS DO RPPS, RESERVA REMUNERADA E REFORMAS DOS MILITARES",COMPLEMENTAÇÃO DE APOSENTADORIAS - RGPS,1483,53862726.03
PRINCIPAL DA DÍVIDA CONTRATUAL RESGATADO,FINANCIAMENTOS - EXTERNOS - BIRD/ÁGUAS LIMPAS,18,52022433.66
OUTROS SERVIÇOS DE TERCEIROS - PESSOA JURÍDICA,SERVIÇOS MÉDICOS E HOSPITALARES - LEITOS COMPLEMENTARES - REDE CREDENCIADA,26930,51830796.269999996
"DESPESAS DECORRENTES DA PARTICIPAÇÃO EM FUNDOS, ORGANISMOS, OU ENTIDADES ASSEMELHADAS, NACIONAIS E INTERNACIONAIS",INVESTIMENTOS DO FUNSES: FUNSES I - FUNDO DE INVESTIMENTO EM PARTICIPAÇÕES - AP,41,50969566.22
OUTROS SERVIÇOS DE TERCEIROS - PESSOA JURÍDICA,LOCAÇÃO DE MÁQUINAS E EQUIPAMENTOS,5154,50918950.12
OBRAS E INSTALAÇÕES,OBRAS DE URBANIZAÇÃO E SANEAMENTO BÁSICO DE USO COMUM DO POVO,1203,50463969.63
OUTROS SERVIÇOS DE TERCEIROS - PESSOA JURÍDICA,SERVIÇOS DE ÁGUA E ESGOTO,25802,49246185.489999995
SERVIÇOS DE CONSULTORIA,CONSULTORIA E ASSESSORIA - JURÍDICA/TÉCNICA - PESSOA JURÍDICA,2039,48985353.19
OUTRAS DESPESAS VARIÁVEIS - PESSOAL CIVIL,BÔNUS DE DESEMPENHO ? PESSOAL CIVIL ? RPPS,199,48257111.480000004
OUTROS SERVIÇOS DE TERCEIROS - PESSOA JURÍDICA,SERVIÇOS DE PUBLICIDADE INSTITUCIONAL,2979,45531274.28
SERVIÇOS DE TECNOLOGIA DA INFORMAÇÃO E COMUNICAÇÃO - PESSOA JURÍDICA,TI: SERVIÇOS DE PROCESSAMENTO DE DADOS,1071,45127319.06
VENCIMENTOS E VANTAGENS FIXAS - PESSOAL CIVIL,GRATIFICAÇÃO POR EXERCÍCIO DE CARGOS - RPPS,2615,45000533.62
VENCIMENTOS E VANTAGENS FIXAS - PESSOAL CIVIL,ABONO DE  PERMANÊNCIA - RPPS,2106,44453963.42
CONCESSÃO DE EMPRÉSTIMOS E FINANCIAMENTOS,FUNDO DE PROTEÇÃO AO EMPREGO - APOIO FINANCEIRO REEMBOLSÁVEL - CONCESSÃO DE FINANCIAMENTOS,1,44196359.36
SERVIÇOS DE TECNOLOGIA DA INFORMAÇÃO E COMUNICAÇÃO - PESSOA JURÍDICA,TI: SERVIÇOS TÉCNICOS PROFISSIONAIS DE TECNOLOGIA DE INFORMAÇÃO (TI),2453,43409109.45
OUTROS SERVIÇOS DE TERCEIROS - PESSOA JURÍDICA,TRANSFERÊNCIAS A INSTITUIÇÕES PRIVADAS SEM FINS LUCRATIVOS ? SERVIÇOS MÉDICOS - CONVÊNIOS DE CONTRATUALIZAÇÃO EM SAÚDE,345,40710824.47
AUXÍLIO-ALIMENTAÇÃO,AUXÍLIO ALIMENTAÇÃO - FORNECEDOR,946,40443296.81
"APOSENTADORIAS DO RPPS, RESERVA REMUNERADA E REFORMAS DOS MILITARES",RESERVA REMUNERADA - 13º SALÁRIO - PESSOAL MILITAR (FPS),31,38545584.01
OUTROS SERVIÇOS DE TERCEIROS - PESSOA FÍSICA,ESTAGIÁRIOS,3039,38424819.36
OUTROS SERVIÇOS DE TERCEIROS - PESSOA JURÍDICA,CONTRATUALIZAÇÃO DE LEITOS HOSPITALARES COMPLEMENTARES,19575,38153121.56
AUXÍLIO FINANCEIRO A PESQUISADORES,AUXÍLIO E BOLSA A PESQUISADORES PARA AQUISIÇÃO DE BENS DE CAPITAL,203,38015464.33
OUTROS SERVIÇOS DE TERCEIROS - PESSOA JURÍDICA,"SERVIÇOS MÉDICO-HOSPITALARES, ODONTOLÓGICOS E LABORATORIAIS ? REDE CREDENCIADA",3274,38005965.199999996
CONTRATAÇÃO POR TEMPO DETERMINADO,13º SALÁRIO - CONTRATO TEMPORÁRIO - LEI 8.745/93 - RGPS - PROFESSORES SUBSTITUTOS,42,37667764.07
