AnoMes,Registros,ValorEmpenho,ValorLiquidado,ValorPago,ValorRap
2024-01,31511,2931223314.1800003,291447088.78,634743988.43,619384326.23
2024-02,34730,432276819.71999997,643321949.12,562144515.02,338506404.3
2024-03,38091,269798562.38,420476078.14000005,461747982.32,193756242.04
2024-04,43812,311184928.57,803278400.31,707726095.49,124630582.71
2024-05,45260,281452125.44,721185679.83,903260092.09,49670872.62
2024-06,52904,411302754.65999997,1050418968.34,812296918.61,63552670.629999995
2024-07,48856,312129069.96,1006619536.37,1094517404.33,20267582.44
2024-08,42174,386065778.87,897291186.15,848562159.94,12288373.17
2024-09,34895,316266873.38,262079606.51,745545694.26,9988837.39
2024-10,40145,483767659.18,604650537.25,1027412949.33,8934115.82
2024-11,38245,439729047.53,454257075.69,891086900.48,3538224.83
2024-12,55327,645453679.06,1079461787.39,1648054158.32,7910653.38
2025-01,31730,9166455427.53,761392979.13,626780005.68,337980939.21
2025-02,50476,728468653.6,1007993806.62,866126679.35,143928443.65
2025-03,44413,750304730.45,1052463647.84,768244028.67,56083953.25
2025-04,43567,299782597.01,930636259.12,820659950.32,82288341.14
2025-05,54160,654033565.96,679343799.63,1511299932.18,34833612.55
2025-06,47711,201485790.54,693155739.8199999,787025788.67,8794890.93
2025-07,44713,635861018.43,1074131590.67,354079113.76,11396836.21
2025-08,48266,373559857.47,881562431.42,750562401.66,12731127.94
2025-09,51297,549855878.16,1109891892.6,1246147719.63,5357948.34
2025-10,54029,529036774.05,969559819.64,1141516641.35,8846356.709999999
2025-11,51667,600389362.11,1194197407.04,682882453.33,1218100.48
2025-12,64179,550205230.03,1571048160.22,1719883514.93,4263096.41
