ElementoDespesa,Registros,ValorPago
"APOSENTADORIAS DO RPPS, RESERVA REMUNERADA E REFORMAS DOS MILITARES",12217,3529258235.82
VENCIMENTOS E VANTAGENS FIXAS - PESSOAL CIVIL,73739,3140014495.19
OBRAS E INSTALAÇÕES,19843,1360407212.96
OUTROS SERVIÇOS DE TERCEIROS - PESSOA JURÍDICA,240024,1285344239.4
SUBVENÇÕES SOCIAIS,9727,1268895055.93
CONTRATAÇÃO POR TEMPO DETERMINADO,9380,1136723541.83
VENCIMENTOS E VANTAGENS FIXAS - PESSOAL MILITAR,5464,922153894.47
CONTRATO DE GESTÃO,1084,816423314.98
AUXÍLIOS,7578,738006934.8199999
CONCESSÃO DE EMPRÉSTIMOS E FINANCIAMENTOS,107,644876267.8
PENSÕES DO RPPS E DO MILITAR,8289,566937641.29
AUXÍLIO-ALIMENTAÇÃO,15158,450650799.7
LOCAÇÃO DE MÃO-DE-OBRA,44125,440446640.89
PRINCIPAL DA DÍVIDA CONTRATUAL RESGATADO,441,437395585.57
MATERIAL DE CONSUMO,70837,421129639.63
CONTRIBUIÇÕES,11054,387692709.26
SUBVENÇÕES ECONÔMICAS,874,381672351.45
OBRIGAÇÕES PATRONAIS,16744,360329821.97
JUROS SOBRE A DÍVIDA POR CONTRATO,466,354375425.1
OBRIGAÇÕES TRIBUTÁRIAS E CONTRIBUTIVAS,16167,306145371.1
SERVIÇOS DE TECNOLOGIA DA INFORMAÇÃO E COMUNICAÇÃO - PESSOA JURÍDICA,24254,270906990.15999997
DESPESAS DE EXERCÍCIOS ANTERIORES,28977,235774586.41
PASSAGENS E DESPESAS COM LOCOMOÇÃO,21772,204424518.46
"MATERIAL, BEM OU SERVIÇO PARA DISTRIBUIÇÃO GRATUITA",11753,184610976.07
INDENIZAÇÕES E RESTITUIÇÕES,22893,172240822.98
SENTENÇAS JUDICIAIS,34512,150820498.48
AUXÍLIO FINANCEIRO A PESQUISADORES,25951,148747267.35
EQUIPAMENTOS E MATERIAL PERMANENTE,7024,139474511.47
OUTRAS DESPESAS VARIÁVEIS - PESSOAL CIVIL,5578,136949372.03
OUTRAS DESPESAS DE PESSOAL DECORRENTES DE  CONTRATOS DE TERCEIRIZAÇÃO,5367,123888769.59
CONSTITUIÇÃO OU AUMENTO DE CAPITAL DE EMPRESAS,58,104891507.08
OUTROS SERVIÇOS DE TERCEIROS - PESSOA FÍSICA,47996,94912395.83
OUTROS BENEFÍCIOS ASSISTENCIAIS DO SERVIDOR E DO MILITAR,2662,90980716.68
AUXÍLIO FINANCEIRO A ESTUDANTES,97,81041972.17
AQUISIÇÃO DE TÍTULOS DE CRÉDITO,38,73535608.23
OUTRAS DESPESAS VARIÁVEIS - PESSOAL MILITAR,1005,59103504.36
SERVIÇOS DE CONSULTORIA,2349,52612337.69
"DESPESAS DECORRENTES DA PARTICIPAÇÃO EM FUNDOS, ORGANISMOS, OU ENTIDADES ASSEMELHADAS, NACIONAIS E INTERNACIONAIS",43,50969566.22
OUTROS AUXÍLIOS FINANCEIROS A PESSOAS FÍSICAS,19574,41464567.69
COMPENSAÇÕES A REGIMES DE PREVIDÊNCIA,1869,32696763.69
AQUISIÇÃO DE IMÓVEIS,1030,25974990.96
PRINCIPAL CORRIGIDO DA DÍVIDA CONTRATUAL REFINANCIADO,29,25770645.11
AUXÍLIO-FARDAMENTO,707,25256986.93
"PREMIAÇÕES CULTURAIS, ARTÍSTICAS, CIENTÍFICAS, DESPORTIVAS E OUTRAS",4003,23967395.41
RESSARCIMENTO DE DESPESAS DE PESSOAL REQUISITADO,10920,21893388.15
DIÁRIAS -  CIVIL,216613,20260347.76
"DESPESAS DECORRENTES DE CONTRATO DE PARCERIA PÚBLICO-PRIVADA-PPP, EXCETO SUBVENÇÕES ECONÔMICAS,APORTE E FUNDO GARANTIDOR",109,19405431.87
INDENIZAÇÕES E RESTITUIÇÕES TRABALHISTAS,2511,17229817.97
OUTROS ENCARGOS SOBRE A DÍVIDA POR CONTRATO,251,11815352.06
AUXÍLIO-TRANSPORTE,10192,6158639.4799999995
PENSÕES ESPECIAIS,444,5464839.62
DIÁRIAS -  MILITAR,16548,4642703.44
CONTRIBUIÇÃO A ENTIDADES FECHADAS DE PREVIDÊNCIA,1676,3844489.15
RATEIO PELA PARTICIPAÇÃO EM CONSÓRCIO PÚBLICO,13,872338.9
"ENCARGOS PELA HONRA DE AVAIS, GARANTIAS, SEGUROS E SIMILARES",22,823289.54
