TipoLicitacao,ValorPago,Registros,ParticipacaoPct
NÃO APLICÁVEL - DEMAIS CASOS,17813185937.25,130019,78.14496349095356
PREGÃO,1895625556.57,72367,8.31595147732175
CONCORRÊNCIA,1171340438.05,7826,5.138572970008861
DISPENSA DE LICITAÇÃO,542790326.65,21042,2.3811759675515543
REGIME DIFERENCIADO DE CONTRATAÇÕES PÚBLICAS (RDC),459839972.92,732,2.017279672603136
INEXIGÍVEL,272307723.12,12961,1.194591307612108
ADESÃO À ATA DE REGISTRO DE PREÇOS,242006082.78,5784,1.0616605345080314
INEXIGIBILIDADE DE LICITAÇÃO,172455123.78,10781,0.7565462685388933
LICITAÇÕES INTERNACIONAIS,120705422.43,267,0.5295246376577525
NÃO APLICÁVEL - DIÁRIAS,40690694.08,51581,0.17850668681640974
CONCURSO,30545189.48,776,0.1339992029021259
TOMADA DE PREÇOS,18810630.4,500,0.08252066929677786
CONTRATAÇÃO ENVOLVENDO RECURSO DE ORGANISMO FINANCEIRO INTERNACIONAL,5829944.69,291,0.02557548192441207
EMPRESA PÚBLICA E SOCIEDADE DE ECONOMIA MISTA (uso exclusivo da Ceasa),5417289.41,232,0.0237651975708133
CONSULTA,2159922.89,223,0.009475401872349302
NÃO APLICÁVEL - ADIANTAMENTO DE SUPRIMENTO DE FUNDOS,1275138.03,639,0.00559392436318215
CONVITE,37431.02,1,0.00016420676804436484
LEILÃO,30295.019999999997,7,0.00013290173022373938
