column,null_count,null_pct,parse_failures
Acao,0,0.0,0
Ano,0,0.0,0
AnoLicitacao,0,0.0,0
CategoriaEconomica,0,0.0,0
CodigoAcao,0,0.0,0
CodigoCategoriaEconomica,0,0.0,0
CodigoElementoDespesa,0,0.0,0
CodigoFonte,0,0.0,0
CodigoFuncao,0,0.0,0
CodigoGrupoDespesa,0,0.0,0
CodigoModalidade,0,0.0,0
CodigoOrgao,0,0.0,0
CodigoProcesso,327,0.0299,0
CodigoPrograma,0,0.0,0
CodigoSubFuncao,0,0.0,0
CodigoSubelementoDespesa,0,0.0,0
CodigoSubtitulo,0,0.0,0
CodigoUnidadeGestora,0,0.0,0
Contrato,3,0.0003,0
Data,0,0.0,0
DescricaoElementoDespesa,1092158,100.0,0
Documento,0,0.0,0
DocumentoEmpenho,0,0.0,0
ElementoDespesa,0,0.0,0
Favorecido,0,0.0,0
Fonte,0,0.0,0
Funcao,586208,53.6743,0
GrupoDespesa,0,0.0,0
HistoricoDocumento,218007,19.9611,0
Id,0,0.0,0
IdFavorecido,0,0.0,0
Modalidade,0,0.0,0
NumeroLicitacao,59,0.0054,0
NumeroProcesso,1092157,99.9999,0
Orgao,1092158,100.0,0
Processo,1080739,98.9545,0
ProcessoAssunto,1080722,98.9529,0
Programa,586208,53.6743,0
SubFuncao,586208,53.6743,0
SubelementoDespesa,7,0.0006,0
Subtitulo,586208,53.6743,0
TipoFavorecido,0,0.0,0
TipoLicitacao,0,0.0,0
UnidadeGestora,0,0.0,0
ValorEmpenho,0,0.0,0
ValorLiquidado,0,0.0,0
ValorPago,0,0.0,0
ValorRap,0,0.0,0
